pdpass,invnum_n,"dateincorporated",yearStartup
12643215,38585811,"1998-04-13",1998
11849198,38589481,"1991-11-15",1991
10050407,38621341,"1970-01-06",1970
11866455,38623521,"1996-09-09",1996
12633587,38631162,"2000-06-20",2000
12902459,38631162,"1974-02-01",1974
11031040,38635392,"1982-06-14",1982
12021822,38640071,"1996-07-23",1996
10876860,38644211,"1988-02-16",1988
12291423,38645721,"1997-02-20",1997
10776649,38646071,"1985-04-09",1985
10886474,38648451,"1981-04-30",1981
10837356,38672752,"1987-05-26",1987
12605769,38675562,"1999-05-13",1999
12520048,38683891,"1999-04-14",1999
10750562,38704681,"1984-11-02",1984
10928545,38713602,"1985-02-01",1985
11053540,38713742,"1985-06-26",1985
11166517,38728261,"1989-02-28",1989
11130851,38734692,"1989-03-07",1989
11427231,38736271,"1987-11-18",1987
10838042,38739471,"1984-11-28",1984
11243502,38747052,"1989-03-09",1989
12830079,38748261,"1995-03-31",1995
11757952,38755051,"1995-07-26",1995
10979730,38755261,"1986-08-21",1986
11763645,38769942,"1990-02-13",1990
12638426,38783291,"1999-05-28",1999
11676351,38803111,"1990-09-25",1990
11486968,38808981,"1994-01-18",1994
11894432,38832682,"1996-08-26",1996
12741862,38848851,"1999-04-26",1999
12602621,38848883,"1998-08-05",1998
11187256,38855201,"1982-01-22",1982
12264775,38855201,"1997-04-23",1997
12076152,38855481,"1996-05-02",1996
12350132,38855921,"1997-08-04",1997
11331455,38858702,"1992-07-13",1992
11509479,38858743,"1991-07-10",1991
11116860,38860172,"1988-07-26",1988
11019656,38864535,"1986-12-03",1986
11344277,38868081,"1991-07-19",1991
11222623,38874501,"1990-08-15",1990
11349826,38892321,"1991-04-23",1991
12912395,38892321,"2000-08-29",2000
12816347,38902351,"2002-06-13",2002
11943044,38909561,"1997-05-08",1997
12706792,38910991,"1994-09-19",1994
12595658,38925231,"1999-04-01",1999
12392253,38929742,"1997-03-03",1997
11498241,38964742,"1989-07-27",1989
12201024,38965031,"1998-01-14",1998
12792662,38973922,"2001-02-28",2001
11972747,38979171,"1997-04-24",1997
13108649,38983281,"1997-04-03",1997
11134906,38985642,"1989-06-08",1989
13035948,39005861,"2002-10-31",2002
13187285,39009211,"2001-04-20",2001
11408361,39018081,"1989-04-25",1989
11940233,39031681,"1996-09-26",1996
11301981,39040721,"1992-03-26",1992
12917116,39067921,"2002-03-11",2002
11513465,39083851,"1992-09-29",1992
12017553,39101351,"1994-01-10",1994
11840343,39105991,"1994-08-24",1994
12901028,39105991,"2002-04-19",2002
11065713,39113622,"1986-08-20",1986
11084043,39114291,"1989-03-22",1989
11031040,39116641,"1982-06-14",1982
11884760,39129071,"1995-06-07",1995
12136167,39149841,"1996-11-04",1996
11325786,39155563,"1989-05-17",1989
12290260,39170322,"1998-09-09",1998
11134195,39171591,"1987-08-31",1987
12592045,39175202,"1999-07-12",1999
12652371,39210221,"2000-01-04",2000
11450264,39216871,"1991-09-03",1991
11836713,39241362,"1988-01-11",1988
11044993,39252821,"1981-05-07",1981
11492202,39261331,"1993-06-09",1993
11103216,39266011,"1989-12-05",1989
12436307,39268911,"1996-04-29",1996
11941724,39273341,"1995-09-25",1995
10914946,39282692,"1987-03-23",1987
11991553,39290131,"1996-04-02",1996
12407944,39305601,"1999-08-27",1999
12195649,39349281,"1987-05-27",1987
12347251,39350341,"1997-03-10",1997
10865163,39356142,"1984-12-18",1984
12321084,39393792,"1998-07-28",1998
12994453,39406361,"2002-02-13",2002
11337620,39453921,"1992-01-24",1992
11044420,39486901,"1988-12-20",1988
12146145,39504171,"1993-06-14",1993
11455060,39506841,"1990-08-17",1990
12186769,39517892,"1995-11-15",1995
11955599,39523521,"1996-12-16",1996
12549410,39523521,"2000-02-23",2000
11107437,39538781,"1987-12-09",1987
12091066,39550911,"1998-02-11",1998
11233185,39618342,"1986-12-19",1986
11432545,39635252,"1989-10-04",1989
12703968,39639051,"1999-02-01",1999
13160685,39649721,"2003-04-04",2003
11267239,39659012,"1992-04-06",1992
12170229,39685121,"1996-06-03",1996
11917082,39730021,"1994-04-21",1994
11288116,39774681,"1990-09-27",1990
13202101,39777041,"2003-12-15",2003
12695996,39802273,"1994-04-05",1994
12653255,39807783,"2000-03-13",2000
11280448,39817582,"1986-10-28",1986
11003695,39825411,"1985-12-13",1985
12095342,39830121,"1997-09-09",1997
12845172,39846701,"2000-03-07",2000
12855821,39861171,"1999-10-01",1999
11349826,39873851,"1991-04-23",1991
10731727,39886981,"1981-01-01",1981
11579252,39886981,"1992-01-17",1992
11632821,39907981,"1993-07-22",1993
11123994,39913811,"1987-03-31",1987
10772949,39917412,"1983-09-16",1983
12927312,39922141,"1999-02-01",1999
10946694,39981531,"1986-07-24",1986
12711342,40009541,"2000-08-30",2000
11107437,40018221,"1987-12-09",1987
11160905,40095031,"1989-09-25",1989
11663472,40164451,"1995-07-10",1995
11372769,40167533,"1989-11-13",1989
12273781,40182831,"1998-12-18",1998
11028850,40195341,"1988-03-18",1988
12923219,40197341,"2000-09-14",2000
12236610,40215351,"1999-02-02",1999
10282313,40230931,"1976-01-12",1976
12184551,40230931,"1997-04-08",1997
11560637,40240061,"1993-06-18",1993
11320683,40258811,"1990-08-22",1990
11790671,40268381,"1993-06-25",1993
11913411,40268381,"1985-05-10",1985
11832676,40288921,"1987-11-23",1987
11486968,40311381,"1994-01-18",1994
12901183,40328021,"2001-02-08",2001
11699202,40361851,"1995-04-18",1995
12968333,40415191,"2001-04-02",2001
12482403,40462871,"1999-06-08",1999
11849717,40463222,"1992-02-03",1992
12400640,40510611,"1997-10-30",1997
11521709,40540831,"1994-01-31",1994
12183552,40556693,"1997-10-03",1997
12341997,40556693,"1997-10-03",1997
12833515,40586411,"1996-12-03",1996
10800833,40640861,"1986-12-24",1986
12581439,40641352,"1997-08-19",1997
12602621,40703442,"1998-08-05",1998
12124340,40766511,"1992-06-04",1992
12595658,40769171,"1999-04-01",1999
11136351,40800611,"1990-01-02",1990
12039719,40808371,"1997-03-31",1997
12052657,40808371,"1997-03-31",1997
12708294,40840892,"1997-02-27",1997
11600805,40841742,"1992-12-04",1992
12238176,40865051,"1997-02-24",1997
12410611,40994771,"1997-02-19",1997
12274621,41054701,"1989-06-07",1989
11560637,41055482,"1993-06-18",1993
13039365,41061292,"2002-08-20",2002
12380710,41119161,"1996-11-04",1996
10583929,41119381,"1981-07-24",1981
11958182,41182501,"1996-12-24",1996
13222386,41182501,"2005-02-01",2005
12858440,41186451,"2002-09-10",2002
12516729,41199091,"2000-05-15",2000
11982521,41211211,"1993-12-14",1993
11079714,41218812,"1989-05-05",1989
11643295,41243881,"1986-09-11",1986
10862518,41248241,"1983-07-18",1983
12835013,41268322,"1997-04-29",1997
11770563,41284354,"1991-09-25",1991
12631969,41387201,"1999-12-29",1999
12895752,41397312,"1999-02-26",1999
13171417,41449261,"2003-05-30",2003
12915052,41472941,"1999-02-02",1999
10044791,41503191,"1993-11-24",1993
12653105,41503681,"1998-01-02",1998
11002272,41514862,"1987-06-04",1987
11068300,41514862,"1987-06-04",1987
11813954,41514862,"1993-08-10",1993
12628351,41515402,"2001-09-19",2001
11935187,41525081,"1993-12-10",1993
13217477,41538431,"2002-05-15",2002
11023442,41553312,"1988-09-07",1988
10938442,41623511,"1988-02-02",1988
11555903,41631241,"1989-10-19",1989
11864521,41636572,"1989-08-08",1989
12343098,41640174,"1997-05-07",1997
13126979,41643631,"1997-12-15",1997
11138349,41656421,"1987-10-08",1987
13215514,41672131,"2003-03-06",2003
11666242,41695431,"1983-01-10",1983
12791068,41704923,"2000-05-17",2000
12433054,41732212,"1998-07-31",1998
11765039,41739541,"1996-08-21",1996
12259521,41751011,"1998-03-10",1998
11324740,41811352,"1986-07-17",1986
12177584,41860023,"1996-09-10",1996
12210492,41861832,"1997-01-23",1997
11608818,41868374,"1994-04-13",1994
10801603,41908602,"1982-09-10",1982
11310628,41914565,"1992-07-24",1992
11368454,41916681,"1989-05-02",1989
11651066,41919192,"1992-12-21",1992
12710702,41928691,"2000-03-07",2000
12112164,41949931,"1998-07-30",1998
11791637,42008271,"1993-03-22",1993
11014429,42018904,"1988-04-26",1988
11419665,42030782,"1987-10-15",1987
12806963,42037662,"2001-06-01",2001
11667251,42041421,"1992-10-20",1992
11659487,42042661,"1993-03-30",1993
12177261,42046042,"1994-08-30",1994
11736026,42119441,"1987-06-19",1987
11238983,42131802,"1988-09-23",1988
11832676,42136201,"1987-11-23",1987
12042444,42151081,"1992-10-26",1992
11893281,42161463,"1996-02-28",1996
12163235,42212991,"1997-09-18",1997
12127550,42246311,"1997-01-02",1997
12205016,42263571,"1999-01-11",1999
12542276,42285131,"1997-04-07",1997
12636276,42298941,"1992-09-11",1992
12342548,42334211,"1996-07-25",1996
12711231,42348491,"2000-12-07",2000
12028811,42370831,"1996-07-02",1996
10319962,42401612,"1978-02-03",1978
10044791,42458821,"1993-11-24",1993
12510680,42504671,"2000-04-03",2000
11913411,42521171,"1985-05-10",1985
11315033,42521581,"1993-02-03",1993
12638087,42529871,"2001-06-08",2001
10866177,42540041,"1985-09-06",1985
11328985,42552672,"1992-03-26",1992
12093818,42572698,"1996-09-12",1996
11430795,42592201,"1989-05-25",1989
12560733,42596831,"2001-03-26",2001
11002272,42599881,"1987-06-04",1987
12146145,42605502,"1993-06-14",1993
10112269,42606021,"1973-09-07",1973
13182655,42613682,"2003-04-24",2003
12321084,42626852,"1998-07-28",1998
11290028,42681151,"1990-01-16",1990
13182692,42692521,"2004-05-11",2004
11854409,42709861,"1995-09-29",1995
12998415,42715012,"1999-10-18",1999
11887563,42746572,"1995-01-10",1995
12180163,42757301,"1997-06-26",1997
12456022,42777211,"2000-06-12",2000
12639077,42777832,"1998-08-12",1998
13051819,42788303,"2002-12-09",2002
11803897,42801073,"1992-11-16",1992
12722041,42805021,"1987-12-09",1987
11868501,42843513,"1989-02-13",1989
11875312,42844061,"1990-07-25",1990
12049298,42862404,"1996-07-15",1996
12698132,42875152,"1999-10-05",1999
12558185,42909872,"1997-09-10",1997
12149783,42934152,"1998-03-05",1998
12700587,42963201,"2000-08-31",2000
11161036,43027031,"1988-07-18",1988
11656406,43027031,"1995-04-27",1995
13115544,43061961,"2001-10-24",2001
11864228,43063131,"1994-05-12",1994
11463890,43108451,"1991-08-27",1991
11737654,43150441,"1993-11-24",1993
11753054,43200243,"1995-03-28",1995
11122011,43228241,"1983-12-22",1983
11944243,43278501,"1996-02-09",1996
11211451,43295981,"1984-09-27",1984
13168109,43295981,"1996-08-19",1996
11727891,43352812,"1993-10-21",1993
11447172,43364662,"1992-04-06",1992
11993838,43391741,"1995-03-08",1995
11320683,43419991,"1990-08-22",1990
13025000,43420982,"2004-05-04",2004
12013874,43423081,"1992-07-17",1992
11436860,43441302,"1988-02-03",1988
12484683,43449911,"1995-08-18",1995
12923493,43485531,"2001-02-26",2001
10937770,43511211,"1988-03-10",1988
11256184,43523181,"1988-07-01",1988
10867308,43533913,"1984-11-27",1984
12066212,43628093,"1994-07-12",1994
12444860,43628093,"1997-02-24",1997
10971491,43649932,"1985-06-05",1985
12039719,43676482,"1997-03-31",1997
12742060,43702782,"2000-09-26",2000
11137166,43707111,"1973-02-02",1973
12080726,43714332,"1996-08-16",1996
11290556,43758131,"1990-03-21",1990
10995446,43772612,"1993-10-04",1993
11976399,43788531,"1995-01-09",1995
12377211,43797202,"1999-04-21",1999
12032708,43799373,"1995-08-03",1995
12305263,43821353,"1998-05-04",1998
11310628,43826581,"1992-07-24",1992
11910956,43830993,"1995-05-18",1995
13219689,43869482,"2004-02-11",2004
11125408,43886201,"1990-05-22",1990
12489507,43886201,"1997-03-10",1997
10972557,43895331,"1983-05-25",1983
12151038,43900231,"1994-01-10",1994
11249467,43901111,"1988-03-10",1988
13146356,43920911,"2004-12-03",2004
10796727,43929351,"1985-12-09",1985
10843265,43965392,"1986-06-05",1986
13240567,43978892,"2004-06-01",2004
11554710,43982701,"1989-03-27",1989
10682166,43986211,"1983-10-20",1983
13165569,44020081,"2001-04-24",2001
12695996,44023141,"1994-04-05",1994
13057575,44048401,"2002-10-11",2002
12115676,44091393,"1997-08-06",1997
12558841,44095501,"1999-11-08",1999
12269354,44115121,"1998-03-11",1998
12005673,44123101,"1996-01-18",1996
11692664,44123861,"1989-07-10",1989
11671601,44181352,"1986-11-12",1986
12174688,44185761,"1995-03-22",1995
12163235,44220461,"1997-09-18",1997
11875312,44224331,"1990-07-25",1990
11407097,44226733,"1992-12-11",1992
12376800,44226733,"1998-02-19",1998
12794073,44233712,"2001-06-20",2001
13089697,44276991,"2003-12-03",2003
11353668,44319812,"1985-08-20",1985
11196271,44333441,"1989-05-11",1989
11791063,44340101,"1988-10-28",1988
11914693,44342611,"1995-12-29",1995
12397024,44380292,"1997-10-31",1997
10542488,44424881,"1977-06-29",1977
12055025,44431331,"1997-09-23",1997
10962122,44432391,"1986-03-26",1986
10971491,44435661,"1985-06-05",1985
11311816,44459662,"1990-07-20",1990
12867895,44473562,"1997-04-08",1997
12344647,44477381,"2000-01-05",2000
11069058,44531882,"1987-02-09",1987
11187996,44531882,"1990-04-19",1990
11859918,44531882,"1994-04-27",1994
10554623,44546231,"1983-03-01",1983
11294111,44550372,"1989-04-26",1989
12475674,44552302,"1998-05-21",1998
13084902,44556411,"2002-04-09",2002
11514077,44580662,"1987-06-22",1987
12771756,44583302,"2000-03-07",2000
12106361,44612902,"1995-06-16",1995
12273781,44660671,"1998-12-18",1998
10373953,44672581,"1977-10-24",1977
11790831,44685771,"1993-03-30",1993
13070183,44703563,"2000-10-02",2000
12066330,44764761,"1996-01-03",1996
12909608,44824451,"2002-02-04",2002
10945385,44829531,"1987-09-10",1987
11372513,44836141,"1990-04-10",1990
13199399,44868461,"2003-02-28",2003
11072507,44892221,"1988-03-08",1988
12953840,44892222,"2002-01-29",2002
11692645,44894822,"1994-08-29",1994
11160905,44923931,"1989-09-25",1989
12390332,44931041,"1997-10-27",1997
12171447,44937011,"1994-01-01",1994
11615380,44956481,"1995-10-12",1995
12851474,44956481,"2000-09-13",2000
11944243,44980481,"1996-02-09",1996
13096628,44984022,"1999-12-02",1999
11769530,44988991,"1992-09-03",1992
13149715,44997361,"1999-03-31",1999
12825885,44998421,"2000-06-20",2000
12550431,45026471,"1998-04-20",1998
12969638,45074531,"1987-05-08",1987
12340682,45082771,"1997-05-21",1997
12256105,45086882,"1989-06-14",1989
11301956,45087601,"1991-03-28",1991
11934261,45186921,"1996-01-16",1996
12592179,45222092,"1999-02-12",1999
11866624,45228035,"1981-08-06",1981
11791063,45249531,"1988-10-28",1988
11281949,45280174,"1991-06-07",1991
11286424,45319163,"1991-04-17",1991
10900402,45323761,"1987-10-05",1987
11734770,45376242,"1992-12-09",1992
10900402,45395742,"1987-10-05",1987
11498241,45395961,"1989-07-27",1989
11033612,45410261,"1987-10-19",1987
10625766,45434572,"1982-04-02",1982
12566133,45464881,"1999-07-15",1999
11372432,45504241,"1990-03-08",1990
13079563,45515342,"2001-09-18",2001
11790831,45527212,"1993-03-30",1993
11626445,45532061,"1994-01-28",1994
11087481,45545812,"1989-04-28",1989
12455895,45569533,"1996-01-12",1996
12483182,45572271,"1997-02-21",1997
12285444,45582791,"1997-03-14",1997
12965370,45596252,"2003-02-14",2003
11012586,45601811,"1989-04-27",1989
12026419,45620943,"1997-12-04",1997
11819024,45647611,"1994-03-02",1994
11819024,45647612,"1994-03-02",1994
11177756,45659666,"1991-03-19",1991
12535434,45683931,"1987-10-23",1987
11589879,45688861,"1994-07-15",1994
12863389,45702175,"2001-10-31",2001
12112110,45702571,"1989-06-28",1989
11790888,45747142,"1989-11-08",1989
12903760,45771662,"2003-08-29",2003
13211884,45834721,"2002-08-15",2002
12051639,45846351,"1996-09-24",1996
12931603,45846521,"2003-06-27",2003
11380500,45846901,"1990-08-30",1990
12515044,45882631,"1997-03-26",1997
11293046,45905262,"1985-06-17",1985
12002667,45908541,"1988-03-25",1988
13155695,45915502,"1995-07-26",1995
11099195,45927863,"1989-08-31",1989
11224877,45958752,"1985-11-15",1985
12777071,45962701,"2000-05-04",2000
11593116,45969293,"1990-01-29",1990
11074144,45970841,"1982-05-10",1982
11643295,45979051,"1986-09-11",1986
11127656,45981811,"1987-05-11",1987
11758754,45993111,"1989-10-27",1989
12801931,45995231,"1999-01-06",1999
10880405,46005322,"1984-02-22",1984
12403567,46005322,"1993-07-16",1993
12658714,46031422,"1998-05-13",1998
12407944,46045421,"1999-08-27",1999
12212407,46046781,"1994-10-11",1994
12944663,46047901,"2000-11-09",2000
11751586,46095635,"1996-04-19",1996
11136860,46106722,"1990-09-07",1990
10459323,46108001,"1997-08-06",1997
12442867,46112931,"1997-01-01",1997
11882752,46118882,"1993-07-19",1993
12459466,46124321,"1997-07-02",1997
12009280,46141191,"1992-02-26",1992
11832676,46142192,"1987-11-23",1987
11628147,46161421,"1989-03-02",1989
12556189,46162072,"1999-08-26",1999
11099195,46183482,"1989-08-31",1989
12670557,46189371,"1999-04-21",1999
11143582,46196574,"1987-06-11",1987
12473869,46213291,"1999-01-01",1999
12718311,46214141,"1997-11-24",1997
10722499,46224991,"1980-07-21",1980
12009540,46226311,"1995-06-14",1995
12457223,46241401,"1996-08-19",1996
12457223,46241403,"1996-08-19",1996
10977322,46256791,"1986-04-16",1986
12364635,46257121,"1997-01-23",1997
12788861,46257121,"1998-09-24",1998
12383385,46266722,"1999-06-17",1999
12385075,46328711,"1992-04-27",1992
12358769,46329051,"1992-01-06",1992
11293046,46348961,"1985-06-17",1985
11504033,46349041,"1992-07-08",1992
12687992,46352173,"2000-10-12",2000
11115800,46369421,"1988-04-14",1988
11210339,46378272,"1990-12-13",1990
11014429,46399102,"1988-04-26",1988
10930460,46419121,"1986-02-18",1986
11790831,46437141,"1993-03-30",1993
12478527,46467292,"1999-10-21",1999
13000710,46477951,"2000-09-01",2000
11780624,46480341,"1996-05-22",1996
11412337,46522603,"1984-09-20",1984
12590642,46530192,"1992-06-08",1992
12692324,46533501,"1998-06-02",1998
11753717,46535771,"1992-12-24",1992
11458926,46545092,"1987-05-11",1987
11246461,46546481,"1989-11-21",1989
11889665,46562482,"1994-05-09",1994
11291501,46563584,"1990-08-15",1990
11613132,46564173,"1990-05-11",1990
12679805,46578852,"1998-07-31",1998
12858440,46587291,"2002-09-10",2002
11272000,46591721,"1984-07-25",1984
10900402,46598741,"1987-10-05",1987
11211451,46605861,"1984-09-27",1984
11627320,46625551,"1993-12-08",1993
13209985,46636612,"2000-10-23",2000
12079643,46664471,"1996-07-11",1996
11322495,46694654,"1992-01-31",1992
11486968,46705571,"1994-01-18",1994
12707311,46708542,"1998-07-09",1998
12066330,46708612,"1996-01-03",1996
12484683,46724031,"1995-08-18",1995
10937770,46749602,"1988-03-10",1988
13092671,46758301,"1999-09-24",1999
12307250,46770292,"1995-05-16",1995
10891675,46806261,"1984-12-12",1984
10911090,46806351,"1987-04-29",1987
12901992,46806531,"2000-04-06",2000
12703118,46837502,"2000-05-04",2000
13016083,46837502,"2003-10-21",2003
11849717,46840673,"1992-02-03",1992
12967645,46848305,"1998-12-02",1998
11367120,46881581,"1985-07-03",1985
11367120,46881583,"1985-07-03",1985
12359600,46895811,"1998-05-21",1998
12520048,46899471,"1999-04-14",1999
11384135,46901622,"1989-07-14",1989
12549657,46908621,"1999-04-15",1999
11026880,46914182,"1987-12-17",1987
12624608,46917623,"1996-03-13",1996
10952914,46953351,"1987-02-23",1987
12294453,46954593,"1997-03-14",1997
11112517,46972612,"1988-08-11",1988
13156679,46998801,"2000-05-08",2000
12614233,47011781,"1998-03-18",1998
10949707,47016311,"1985-10-29",1985
12886934,47041221,"2001-03-08",2001
11196815,47046921,"1987-03-23",1987
11479808,47056011,"1993-01-19",1993
13241348,47057291,"2004-09-23",2004
11007819,47069091,"1987-08-03",1987
12844299,47088711,"2003-02-11",2003
12791163,47093274,"1996-04-10",1996
12126097,47093441,"1996-10-24",1996
11044420,47094711,"1988-12-20",1988
11762664,47101761,"1991-11-27",1991
12789071,47101761,"1998-01-21",1998
12306980,47117262,"1999-05-10",1999
12358733,47131572,"1999-03-25",1999
11527774,47134631,"1992-03-24",1992
10772364,47135342,"1984-10-05",1984
11429398,47135772,"1991-08-30",1991
12333165,47136601,"1999-05-28",1999
12714685,47137925,"1999-08-12",1999
12535434,47141192,"1987-10-23",1987
11444460,47144701,"1993-02-09",1993
12465768,47146741,"2000-06-05",2000
11114098,47146851,"1986-06-06",1986
11018972,47149671,"1986-04-25",1986
11255743,47163881,"1992-05-20",1992
12674608,47165752,"1999-02-23",1999
10907845,47188881,"1987-05-19",1987
11243502,47198252,"1989-03-09",1989
12713059,47198252,"1997-08-04",1997
11495480,47213855,"1990-04-05",1990
12899260,47245201,"2000-09-20",2000
12377915,47252873,"1996-06-21",1996
11127656,47289205,"1987-05-11",1987
11299101,47309723,"1987-12-29",1987
11114098,47328741,"1986-06-06",1986
13126979,47349101,"1997-12-15",1997
11145054,47356103,"1989-01-12",1989
11959508,47376831,"1993-10-27",1993
11422207,47420161,"1992-01-16",1992
12326034,47438111,"1997-05-01",1997
12047892,47459231,"1996-06-12",1996
12722041,47459231,"1987-12-09",1987
12825292,47468731,"2000-04-26",2000
11312223,47497363,"1987-04-07",1987
12181508,47501122,"1996-08-07",1996
10915057,47501601,"1985-09-25",1985
10949707,47527222,"1985-10-29",1985
12342748,47529452,"1997-11-14",1997
12377753,47553563,"1998-10-28",1998
13134678,47554782,"2002-06-24",2002
12538368,47558721,"2000-02-11",2000
12478527,47571281,"1999-10-21",1999
11959508,47585334,"1993-10-27",1993
12077534,47587291,"1995-10-30",1995
11960993,47608461,"1995-06-19",1995
13094843,47614811,"2000-12-19",2000
11716851,47616393,"1994-10-21",1994
10891675,47632882,"1984-12-12",1984
12898691,47642482,"2001-10-15",2001
12189715,47649302,"1998-05-21",1998
12281717,47649352,"1998-07-29",1998
11847692,47679733,"1987-10-13",1987
12438803,47691487,"1998-03-16",1998
12177584,47694472,"1996-09-10",1996
12161759,47697851,"1995-08-02",1995
11907683,47711242,"1994-05-23",1994
12788861,47728153,"1998-09-24",1998
11502369,47728821,"1992-09-15",1992
11308219,47742285,"1990-12-03",1990
12174688,47762421,"1995-03-22",1995
12076475,47762891,"1994-01-19",1994
12977960,47765352,"2000-09-08",2000
12977960,47765353,"2000-09-08",2000
13115544,47766741,"2001-10-24",2001
10938690,47799782,"1987-01-02",1987
12394407,47820083,"1998-04-09",1998
12526656,47836492,"1998-09-30",1998
11523803,47839381,"1990-12-11",1990
12697842,47877412,"2000-07-03",2000
11594849,47879802,"1994-02-15",1994
11493437,47882921,"1995-02-16",1995
12780431,47913182,"1998-12-24",1998
11140137,47915801,"1988-08-23",1988
12023208,47927501,"1993-06-07",1993
10977483,47928401,"1985-10-29",1985
11291410,47928491,"1986-03-31",1986
11291410,47928492,"1986-03-31",1986
12622471,47928762,"2000-03-09",2000
12650649,47932531,"1999-06-21",1999
12792856,47939101,"2000-12-11",2000
13249020,47973591,"2002-09-13",2002
11146135,47976351,"1989-12-11",1989
12950558,48003401,"2001-01-12",2001
12878420,48044902,"1999-06-23",1999
11604623,48051234,"1992-06-15",1992
12612871,48052372,"1999-10-21",1999
12594888,48073601,"1999-01-05",1999
12107509,48081513,"1993-05-19",1993
11749200,48091704,"1992-05-08",1992
11026452,48093088,"1986-04-10",1986
12794359,48093172,"1998-09-03",1998
12616736,48102791,"2001-02-20",2001
12757584,48114912,"1998-11-13",1998
11509479,48117332,"1991-07-10",1991
11631170,48117832,"1991-12-16",1991
12240602,48131982,"1997-05-01",1997
12850745,48142581,"2001-04-10",2001
11485344,48145522,"1991-09-06",1991
11927104,48157841,"1997-01-13",1997
12073299,48167304,"1990-05-29",1990
11799074,48171152,"1992-12-29",1992
11497304,48176131,"1991-05-14",1991
11944243,48186603,"1996-02-09",1996
11881750,48209931,"1993-06-22",1993
12878420,48233184,"1999-06-23",1999
11517236,48236541,"1988-10-14",1988
11304603,48274391,"1991-05-24",1991
12155782,48317811,"1996-08-27",1996
13068657,48317811,"2000-12-08",2000
11698276,48344834,"1992-02-28",1992
12403524,48369023,"1999-03-12",1999
11436860,48376431,"1988-02-03",1988
13230576,48377861,"2001-01-31",2001
12232402,48392153,"1993-09-27",1993
11054437,48408961,"1981-02-03",1981
12113102,48419772,"1996-01-12",1996
12009492,48456581,"1993-12-06",1993
11785109,48457311,"1993-12-22",1993
11704792,48478902,"1988-05-27",1988
12958422,48495361,"2002-01-31",2002
12923342,48499131,"2001-09-26",2001
12314018,48504491,"1995-09-26",1995
11533704,48505601,"1991-11-04",1991
13239537,48519921,"2002-03-22",2002
12339687,48532642,"1995-11-06",1995
12453929,48536301,"1996-10-03",1996
12638732,48537742,"1999-04-20",1999
10956504,48565042,"1985-01-16",1985
12802731,48568912,"2000-06-30",2000
11422207,48593041,"1992-01-16",1992
11625868,48593041,"1992-01-16",1992
10968108,48596122,"1985-10-09",1985
11173373,48634732,"1986-02-04",1986
10949702,48641601,"1987-01-22",1987
12126097,48666522,"1996-10-24",1996
12002167,48720631,"1998-02-17",1998
10976208,48762082,"1986-04-01",1986
12244341,48767125,"1993-11-15",1993
12653255,48774011,"2000-03-13",2000
12926210,48782193,"1998-09-17",1998
12161512,48782401,"1995-03-21",1995
12866450,48797472,"2002-04-11",2002
13039365,48804264,"2002-08-20",2002
13241378,48809592,"2003-04-17",2003
11788415,48817111,"1995-11-02",1995
11782236,48819542,"1993-10-01",1993
11738430,48824753,"1993-04-27",1993
11187883,48829831,"1987-08-24",1987
11447519,48841233,"1989-11-17",1989
11917082,48853632,"1994-04-21",1994
13072464,48856232,"2002-01-30",2002
12873347,48857245,"2000-06-29",2000
11068300,48880091,"1987-06-04",1987
10860845,48908981,"1986-02-14",1986
11625868,48917941,"1992-01-16",1992
11372769,48932421,"1989-11-13",1989
12777978,48933264,"1994-06-15",1994
12245387,48946212,"1998-05-15",1998
11958182,48947401,"1996-12-24",1996
10929422,48962832,"1985-12-17",1985
12066330,48975641,"1996-01-03",1996
12521037,48975641,"1998-11-20",1998
13128897,48983912,"2001-05-11",2001
11763645,48991091,"1990-02-13",1990
11763645,48991092,"1990-02-13",1990
11859564,49022721,"1990-08-06",1990
11500470,49052132,"1992-11-25",1992
13223989,49052132,"2004-01-02",2004
10949702,49052961,"1987-01-22",1987
12713059,49073323,"1997-08-04",1997
12233315,49083781,"1993-03-11",1993
11782448,49105392,"1994-11-01",1994
11574170,49132641,"1994-05-02",1994
12656508,49140552,"1996-01-11",1996
13092909,49140552,"1989-08-03",1989
11034590,49152902,"1984-09-17",1984
12417982,49157091,"1996-05-14",1996
13051819,49157441,"2002-12-09",2002
11161036,49174541,"1988-07-18",1988
12290260,49192931,"1998-09-09",1998
12060024,49225001,"1997-11-12",1997
12281717,49225001,"1998-07-29",1998
12427287,49225001,"1998-07-29",1998
11023442,49234423,"1988-09-07",1988
11770563,49261901,"1991-09-25",1991
12799840,49274083,"1999-10-14",1999
11770563,49278991,"1991-09-25",1991
12652591,49281063,"2000-09-29",2000
11600640,49298491,"1994-08-12",1994
12790802,49308352,"1986-08-29",1986
12198882,49338724,"1995-03-08",1995
13056210,49369501,"1996-11-18",1996
13156679,49369631,"2000-05-08",2000
12714953,49394742,"2000-01-19",2000
10929422,49396383,"1985-12-17",1985
12916628,49396892,"1999-12-17",1999
12885344,49403032,"1998-12-02",1998
12151038,49408582,"1994-01-10",1994
12397666,49411163,"1999-09-27",1999
11658403,49431092,"1989-04-28",1989
13043729,49439801,"2003-02-10",2003
11062806,49483182,"1989-01-03",1989
11210339,49484101,"1990-12-13",1990
11527774,49543371,"1992-03-24",1992
12104044,49547944,"1994-12-01",1994
11976350,49549603,"1995-05-01",1995
11219494,49556851,"1990-02-13",1990
11055861,49558612,"1987-01-08",1987
11498241,49582071,"1989-07-27",1989
12146188,49607001,"1993-04-16",1993
11061133,49611331,"1987-08-21",1987
12026637,49611331,"1995-01-20",1995
11061133,49611332,"1987-08-21",1987
12547305,49618062,"1985-01-30",1985
12491333,49631461,"1997-05-16",1997
12754607,49689831,"1998-12-15",1998
12260405,49696473,"1996-10-31",1996
13025499,49707141,"2000-10-20",2000
11803897,49724272,"1992-11-16",1992
12164529,49731321,"1998-06-19",1998
12912767,49738651,"1998-05-06",1998
12783562,49757081,"2000-11-29",2000
12148693,49770921,"1997-05-01",1997
12504952,49802593,"1998-01-05",1998
11469158,49869342,"1990-07-20",1990
12431191,49877751,"1998-01-05",1998
13078624,49892121,"2000-01-21",2000
11430795,49903392,"1989-05-25",1989
12395145,49910102,"1997-03-27",1997
10764705,49914671,"1985-01-17",1985
12368952,49919236,"1998-07-14",1998
12589623,49975963,"1999-10-20",1999
12507089,50011353,"2001-10-03",2001
13089659,50014144,"2002-01-22",2002
12030260,50017252,"1995-08-03",1995
12314018,50025181,"1995-09-26",1995
11059810,50041211,"1986-11-21",1986
11539725,50050091,"1992-05-19",1992
11621929,50050894,"1987-01-28",1987
12600190,50078983,"1997-09-29",1997
12097895,50081161,"1994-01-01",1994
12544367,50088141,"1999-11-09",1999
12982793,50105081,"1999-09-10",1999
12549567,50124113,"1995-06-20",1995
11221371,50124631,"1988-01-25",1988
11112496,50124962,"1990-03-02",1990
12926566,50124962,"2003-11-12",2003
12949960,50158891,"2003-07-28",2003
11341468,50161733,"1988-07-15",1988
12463335,50162552,"1999-03-30",1999
11145054,50190831,"1989-01-12",1989
12403567,50193811,"1993-07-16",1993
11119400,50194001,"1988-12-08",1988
13092909,50236941,"1989-08-03",1989
12232735,50247421,"2000-06-14",2000
11756978,50273672,"1988-06-07",1988
12807589,50273672,"2000-12-06",2000
11406426,50303521,"1989-05-09",1989
12635591,50310281,"1998-08-17",1998
11980692,50342742,"1986-06-06",1986
12455344,50374571,"1999-09-20",1999
12509102,50396072,"1997-09-29",1997
12009492,50402182,"1993-12-06",1993
11621929,50419247,"1987-01-28",1987
12518478,50420642,"1996-04-19",1996
13109106,50437031,"2003-10-21",2003
12926195,50479582,"1998-02-13",1998
11290028,50498552,"1990-01-16",1990
11290028,50498555,"1990-01-16",1990
11789669,50498733,"1994-03-15",1994
11717206,50515802,"1996-07-26",1996
11727523,50516851,"1994-11-07",1994
12485552,50520251,"1998-12-14",1998
11753717,50523491,"1992-12-24",1992
11620734,50524231,"1989-12-05",1989
12992083,50585934,"2000-02-16",2000
12576048,50617299,"1999-07-07",1999
12950558,50619282,"2001-01-12",2001
12668990,50633351,"2000-01-19",2000
13226467,50650982,"2003-09-16",2003
11503196,50696381,"1992-12-29",1992
13143277,50705281,"2002-10-22",2002
12583961,50722881,"2001-03-05",2001
11547729,50733741,"1989-12-22",1989
11620734,50743234,"1989-12-05",1989
12697842,50770872,"2000-07-03",2000
12123557,50775021,"1995-12-26",1995
12233067,50813801,"1996-10-15",1996
12074862,50852243,"1998-01-09",1998
13089659,50855261,"2002-01-22",2002
12767649,50862831,"2000-11-17",2000
13227577,50864694,"2001-05-22",2001
12389461,50880481,"1996-10-24",1996
11813954,50890162,"1993-08-10",1993
11625868,50912901,"1992-01-16",1992
11555464,50917173,"1992-07-22",1992
12711231,50936363,"2000-12-07",2000
12558411,50936953,"2000-09-14",2000
12761457,50938696,"1997-05-13",1997
11625521,50945312,"1994-05-11",1994
11669259,50984361,"1992-09-16",1992
11486492,51013751,"1985-08-26",1985
12470688,51013751,"1998-07-13",1998
11982521,51045063,"1993-12-14",1993
11490651,51057831,"1992-09-17",1992
11723925,51080072,"1995-10-18",1995
11555464,51095143,"1992-07-22",1992
12485552,51113222,"1998-12-14",1998
12942586,51113222,"2001-12-20",2001
12461559,51144234,"1996-11-08",1996
11552435,51156971,"1991-08-26",1991
11718979,51170631,"1995-12-26",1995
13154637,51174411,"2002-05-22",2002
13072881,51227831,"2003-06-03",2003
11435305,51241302,"1988-10-24",1988
11593180,51246192,"1993-04-14",1993
12381641,51246192,"2001-03-13",2001
11964252,51247742,"1994-09-12",1994
11521709,51297986,"1994-01-31",1994
12668351,51302421,"2001-03-26",2001
12880899,51303902,"1998-12-03",1998
12980344,51311421,"2003-04-29",2003
12126097,51329884,"1996-10-24",1996
11627320,51337242,"1993-12-08",1993
11234496,51344962,"1987-07-08",1987
11258978,51357175,"1989-06-28",1989
12966536,51364631,"2000-08-07",2000
12677595,51382352,"1997-09-11",1997
12099211,51384593,"1996-06-19",1996
11300346,51399341,"1990-02-13",1990
13135972,51405301,"2002-03-13",2002
11819937,51422781,"1995-03-20",1995
12260995,51446482,"1997-02-25",1997
12395145,51446901,"1997-03-27",1997
13097539,51531691,"2001-11-09",2001
12786199,51541881,"1998-08-13",1998
11870219,51568462,"1994-03-15",1994
12670195,51611611,"1997-05-27",1997
11763315,51622091,"1993-11-10",1993
12236014,51639111,"1998-08-19",1998
11514077,51644912,"1987-06-22",1987
12793828,51649151,"2002-03-04",2002
12304922,51661003,"1997-02-11",1997
12473073,51668712,"2000-07-13",2000
12830909,51668712,"1997-08-26",1997
12505219,51670352,"1997-03-21",1997
12399622,51684264,"1996-09-24",1996
11382367,51687111,"1991-03-14",1991
12294453,51699342,"1997-03-14",1997
12823736,51699342,"2000-10-16",2000
12894401,51699342,"2002-01-17",2002
11329691,51701002,"1991-05-09",1991
12078004,51703451,"1991-07-10",1991
12846396,51712181,"1998-02-26",1998
11342606,51731931,"1989-01-12",1989
11557030,51734342,"1988-05-12",1988
12470688,51757691,"1998-07-13",1998
12570415,51758251,"1997-03-12",1997
12601874,51775621,"2000-11-28",2000
12707524,51777324,"1996-09-11",1996
12771833,51777373,"2000-02-29",2000
11813954,51803782,"1993-08-10",1993
12631969,51810291,"1999-12-29",1999
12638518,51858625,"1997-09-10",1997
11554710,51873961,"1989-03-27",1989
11287787,51877871,"1988-04-12",1988
13149668,51889722,"2000-09-07",2000
11429398,51913902,"1991-08-30",1991
13079210,51916021,"2003-10-20",2003
12028249,51922881,"1995-09-05",1995
12890187,51922881,"1999-12-03",1999
12235997,51979163,"1995-01-31",1995
12243930,52003802,"1995-11-28",1995
11337620,52010102,"1992-01-24",1992
12704479,52029571,"1998-12-29",1998
11718979,52044813,"1995-12-26",1995
12167548,52049581,"1999-05-20",1999
12882450,52049631,"2001-02-06",2001
12498424,52060482,"2001-04-19",2001
12333389,52067341,"1997-08-04",1997
12783562,52085911,"2000-11-29",2000
12661812,52087486,"1999-02-08",1999
11889000,52141343,"1992-10-30",1992
12241530,52145051,"1998-09-14",1998
12589623,52157052,"1999-10-20",1999
12761457,52184401,"1997-05-13",1997
11676691,52188691,"1994-07-07",1994
12758169,52219643,"1999-11-12",1999
12883502,52232191,"2001-02-09",2001
12004328,52256291,"1997-03-06",1997
12966639,52257631,"2000-11-16",2000
12942586,52259222,"2001-12-20",2001
12656508,52260062,"1996-01-11",1996
13092909,52260062,"1989-08-03",1989
11777148,52291371,"1993-10-20",1993
12676572,52309711,"2001-08-22",2001
11941865,52316681,"1996-07-11",1996
12290315,52327122,"1998-03-31",1998
13084235,52344301,"2002-10-22",2002
12016429,52345592,"1997-04-22",1997
12342748,52358171,"1997-11-14",1997
12808205,52376811,"2000-11-27",2000
12078004,52384622,"1991-07-10",1991
12066649,52395382,"1995-06-13",1995
12466584,52395382,"1997-03-05",1997
12811039,52397444,"2000-03-31",2000
12005673,52414942,"1996-01-18",1996
12510469,52461562,"1996-09-10",1996
11845480,52477022,"1995-11-28",1995
12761457,52490272,"1997-05-13",1997
11986692,52491641,"1993-09-22",1993
12932041,52510821,"2000-07-07",2000
12358769,52527261,"1992-01-06",1992
12982524,52550833,"2001-09-26",2001
12329541,52610292,"1999-05-05",1999
12707530,52619111,"1999-08-20",1999
12775261,52626902,"2000-04-13",2000
11858336,52631451,"1995-08-09",1995
11394981,52649252,"1992-07-02",1992
12612871,52667903,"1999-10-21",1999
12909809,52705425,"2000-08-22",2000
12652167,52722533,"1993-12-09",1993
12598875,52746553,"1998-09-11",1998
11746447,52755751,"1997-01-13",1997
11376703,52767031,"1990-06-05",1990
11421241,52805942,"1992-01-10",1992
12978289,52833221,"2003-04-28",2003
11604493,52835871,"1993-11-19",1993
11570584,52864974,"1993-04-26",1993
12592197,52896312,"2000-07-13",2000
12858440,52910872,"2002-09-10",2002
11322040,52915842,"1990-01-12",1990
11912473,52951015,"1996-02-13",1996
11645003,52955306,"1993-05-05",1993
11645003,52955309,"1993-05-05",1993
11503196,52958541,"1992-12-29",1992
11996183,52992643,"1987-11-23",1987
11705423,53020681,"1995-03-22",1995
12877239,53027072,"1999-05-19",1999
11055002,53030691,"1987-09-18",1987
11982521,53047982,"1993-12-14",1993
11408327,53062451,"1991-12-20",1991
12651494,53084722,"1996-12-06",1996
11685583,53092573,"1993-09-08",1993
11727891,53155891,"1993-10-21",1993
12771833,53176587,"2000-02-29",2000
12358100,53185722,"1999-05-10",1999
12307718,53188981,"1994-05-31",1994
12143894,53194375,"1997-01-03",1997
12033427,53196441,"1997-01-03",1997
11640300,53205872,"1993-10-14",1993
12614233,53208911,"1998-03-18",1998
12820188,53210301,"2000-06-30",2000
12304951,53234061,"1997-04-08",1997
12290260,53248901,"1998-09-09",1998
12226775,53254561,"1997-07-11",1997
11547729,53265702,"1989-12-22",1989
12988925,53275581,"2000-06-06",2000
11591685,53314171,"1991-06-25",1991
12411221,53330642,"1998-11-12",1998
12395364,53372311,"1997-12-01",1997
12062428,53388291,"1993-03-23",1993
12700587,53390512,"2000-08-31",2000
12851395,53406172,"2000-05-17",2000
11627331,53422984,"1996-01-16",1996
12332383,53445321,"1998-07-15",1998
12149783,53455405,"1998-03-05",1998
12311612,53472012,"1994-12-12",1994
13040980,53476329,"2000-06-19",2000
12724656,53476412,"1997-05-28",1997
12881699,53494342,"2001-01-22",2001
11869322,53501151,"1994-12-23",1994
12676265,53503791,"1999-06-14",1999
12016429,53505021,"1997-04-22",1997
12377849,53507341,"1996-12-16",1996
12032708,53522466,"1995-08-03",1995
12336457,53552141,"1999-01-29",1999
12609830,53553211,"2000-03-08",2000
12234110,53557351,"1996-09-16",1996
12141381,53596113,"1996-09-26",1996
11762664,53644081,"1991-11-27",1991
12884771,53647421,"2001-03-16",2001
12824514,53686813,"2001-03-29",2001
11531986,53689131,"1994-10-19",1994
11917032,53706923,"1997-01-08",1997
12076765,53709681,"1995-01-05",1995
12556685,53733831,"2000-11-16",2000
11918543,53748951,"1994-08-19",1994
12595477,53752292,"2000-08-31",2000
12920097,53752326,"1999-03-26",1999
12139329,53758474,"1997-04-28",1997
12790731,53760402,"1997-03-31",1997
12342219,53765462,"1999-02-09",1999
12721918,53772501,"2000-06-23",2000
12748902,53782291,"2000-02-10",2000
12836799,53783844,"1998-06-29",1998
12439320,53837414,"2000-01-12",2000
12030499,53847201,"1995-09-20",1995
13039557,53858871,"2003-06-05",2003
11403172,53865624,"1988-11-15",1988
12026758,53869531,"1994-03-28",1994
11829653,53870881,"1993-08-18",1993
11809468,53907401,"1995-01-01",1995
12066493,53913003,"1997-06-03",1997
12397697,53920021,"1995-07-18",1995
12680431,53945153,"1998-08-11",1998
11415703,53945231,"1991-08-23",1991
12093420,53953201,"1991-12-04",1991
12439830,53965181,"1996-05-10",1996
12891537,53966542,"1999-06-29",1999
11698276,54000773,"1992-02-28",1992
13194283,54013092,"2004-05-13",2004
12593342,54082371,"1997-11-05",1997
12913055,54083461,"2000-09-06",2000
11406426,54100682,"1989-05-09",1989
12210491,54117301,"1998-04-02",1998
11871449,54119181,"1993-12-22",1993
12083727,54125742,"1996-10-16",1996
13161417,54145241,"2004-04-05",2004
12844350,54145922,"2002-12-18",2002
12197807,54148127,"1998-06-03",1998
12848323,54163911,"2001-12-26",2001
12729110,54168402,"1995-10-31",1995
12698131,54168551,"2000-02-11",2000
11854760,54168952,"1995-12-22",1995
11840343,54226542,"1994-08-24",1994
12695783,54251691,"2002-07-29",2002
11526427,54264271,"1989-12-18",1989
12913608,54288202,"1999-09-20",1999
11711767,54295821,"1994-09-20",1994
11868501,54369092,"1989-02-13",1989
12784886,54376721,"2000-01-05",2000
12699701,54379751,"1999-10-06",1999
12099901,54403351,"1995-05-12",1995
12442591,54438161,"2001-03-01",2001
11876430,54457612,"1996-12-17",1996
11790671,54493611,"1993-06-25",1993
12169899,54501301,"1996-05-07",1996
12590642,54506072,"1992-06-08",1992
12409663,54515703,"1997-06-19",1997
12560350,54579511,"1995-12-26",1995
11604623,54596131,"1992-06-15",1992
12878399,54596131,"2000-04-12",2000
11684458,54599322,"1993-12-02",1993
11932296,54617112,"1992-05-20",1992
12923381,54647543,"1999-08-18",1999
12636276,54660674,"1992-09-11",1992
11782448,54672072,"1994-11-01",1994
12344647,54693291,"2000-01-05",2000
11986692,54712481,"1993-09-22",1993
11678473,54749141,"1992-04-15",1992
12810665,54753441,"2000-09-13",2000
12430254,54757721,"2000-06-19",2000
12812598,54780001,"1999-12-21",1999
11616680,54787392,"1989-11-14",1989
12652167,54810205,"1993-12-09",1993
13147014,54835661,"2001-03-22",2001
11589520,54849562,"1988-06-15",1988
13141137,54861761,"2003-01-27",2003
12587282,54898271,"1999-05-28",1999
11739323,54900283,"1993-12-23",1993
12854082,54916032,"2003-11-03",2003
13255563,54917931,"2004-09-16",2004
11599108,54991081,"1992-03-10",1992
11701576,55016982,"1994-08-12",1994
11750295,55019692,"1992-06-26",1992
21961298,55019692,"1992-06-26",1992
11934121,55022461,"1995-08-07",1995
11523803,55025581,"1990-12-11",1990
12926669,55028351,"2000-06-14",2000
11750295,55040032,"1992-06-26",1992
10554623,55053011,"1983-03-01",1983
11651617,55055794,"1992-09-01",1992
22495919,55062681,"1992-03-02",1992
12694826,55068441,"1995-05-05",1995
12551807,55082761,"1998-10-01",1998
12653338,55089374,"1997-08-26",1997
12344763,55109921,"1998-01-09",1998
12251962,55120072,"1998-10-16",1998
12707508,55140971,"1999-10-07",1999
12828098,55154684,"2000-09-18",2000
12115196,55155152,"1998-06-03",1998
12969290,55189502,"2002-08-13",2002
12073696,55198331,"1997-09-11",1997
12761119,55214911,"2000-10-05",2000
12533717,55228661,"2000-04-21",2000
12838858,55228661,"1999-01-28",1999
12147264,55260181,"1994-07-21",1994
13131936,55262853,"1998-08-21",1998
12677956,55265011,"1998-02-10",1998
11761762,55265271,"1994-02-16",1994
13178670,55280434,"2001-01-22",2001
12896955,55312212,"1998-10-16",1998
12826678,55317662,"1999-06-24",1999
12772859,55318662,"2001-08-08",2001
11955599,55369642,"1996-12-16",1996
13139723,55370392,"2000-06-23",2000
12441034,55397592,"2000-02-17",2000
13168109,55418643,"1996-08-19",1996
12417342,55460035,"1999-08-25",1999
12629549,55464485,"1998-07-24",1998
12054715,55496754,"1997-11-18",1997
12055281,55545001,"1997-01-16",1997
11939769,55572123,"1996-09-13",1996
12771756,55577351,"2000-03-07",2000
11660038,55600381,"1995-07-12",1995
12153901,55626172,"1996-04-08",1996
12825292,55683451,"2000-04-26",2000
12377163,55689122,"1997-06-25",1997
12032027,55713375,"1993-05-20",1993
12723382,55716561,"2001-10-10",2001
12143086,55717461,"1997-05-27",1997
11840343,55724731,"1994-08-24",1994
12079832,55823671,"1991-08-12",1991
22495919,55893511,"1992-03-02",1992
11848875,55903102,"1997-01-03",1997
12892323,55903703,"2002-01-14",2002
11991553,55915162,"1996-04-02",1996
12736488,55943411,"1998-10-29",1998
12071473,55956772,"1996-09-16",1996
11574463,55983201,"1992-03-18",1992
12638732,56024631,"1999-04-20",1999
13182655,56024631,"2003-04-24",2003
12243930,56038351,"1995-11-28",1995
12026419,56062421,"1997-12-04",1997
12651255,56074437,"1999-05-14",1999
13094843,56076912,"2000-12-19",2000
12802748,56113386,"2001-09-21",2001
13186063,56131611,"2002-04-17",2002
12747292,56161363,"2000-08-11",2000
12502901,56161791,"2000-10-25",2000
12372026,56170151,"1995-04-04",1995
12420520,56175412,"1998-02-23",1998
12677788,56193201,"2000-06-26",2000
12827732,56196721,"1998-11-16",1998
12234532,56197091,"1996-04-03",1996
12714953,56235082,"2000-01-19",2000
12451260,56278522,"1998-08-13",1998
11810797,56278852,"1996-05-07",1996
12027979,56286303,"1995-11-03",1995
12232984,56294131,"1999-02-16",1999
12968480,56300803,"2000-08-08",2000
12143036,56313371,"1995-04-12",1995
12143036,56313373,"1995-04-12",1995
12862056,56343421,"1998-02-18",1998
13209859,56343421,"2001-11-08",2001
13118804,56353884,"2003-03-28",2003
12877239,56355972,"1999-05-19",1999
12598875,56362981,"1998-09-11",1998
12629926,56380711,"2000-01-13",2000
12677595,56383713,"1997-09-11",1997
12795151,56412372,"2001-07-16",2001
12243633,56413621,"1994-02-15",1994
12788798,56433211,"2000-03-28",2000
11763315,56437662,"1993-11-10",1993
10459323,56437943,"1997-08-06",1997
11898395,56448371,"1994-03-21",1994
11746035,56460353,"1993-05-19",1993
12108047,56460353,"1998-06-15",1998
12369343,56510961,"1999-05-14",1999
13116704,56510961,"2002-04-23",2002
12304922,56542297,"1997-02-11",1997
12614211,56545091,"1997-07-29",1997
13081041,56549615,"2000-10-04",2000
12073696,56595433,"1997-09-11",1997
13177201,56628021,"2003-07-29",2003
13159070,56630984,"2003-10-14",2003
12827230,56631531,"1997-03-17",1997
11980692,56635181,"1986-06-06",1986
12770402,56679994,"2001-05-04",2001
12582551,56680494,"2000-09-22",2000
13192838,56687322,"2002-12-12",2002
12055408,56701692,"1998-04-01",1998
11914693,56705812,"1995-12-29",1995
11999917,56721732,"1996-10-17",1996
13027057,56724916,"2000-04-06",2000
12348940,56750651,"1997-08-13",1997
12949960,56751962,"2003-07-28",2003
12728145,56752911,"1999-11-24",1999
13115736,56752911,"2002-09-19",2002
12083265,56805511,"1996-10-11",1996
12966901,56816152,"1999-11-01",1999
12444323,56819403,"1998-02-09",1998
13222386,56846582,"2005-02-01",2005
11817733,56848511,"1995-08-02",1995
12178897,56849511,"1996-08-13",1996
11621907,56873032,"1994-12-13",1994
11790671,56906661,"1993-06-25",1993
11859918,56929507,"1994-04-27",1994
11921076,57029021,"1993-01-13",1993
12392310,57058041,"1996-10-29",1996
12741862,57077551,"1999-04-26",1999
12009492,57087802,"1993-12-06",1993
12423980,57106523,"1998-04-27",1998
12343757,57130131,"1998-05-20",1998
11966434,57174531,"1995-11-30",1995
12446025,57226183,"1998-06-22",1998
12807589,57243751,"2000-12-06",2000
12929655,57245564,"1996-05-09",1996
11108664,57281551,"1987-04-29",1987
12064802,57281551,"1995-08-15",1995
13192977,57297291,"2000-12-29",2000
11831832,57318321,"1997-05-12",1997
12775154,57321391,"1999-07-16",1999
12019447,57335444,"1995-01-24",1995
11588385,57343692,"1992-10-23",1992
12475338,57384362,"1998-05-27",1998
12159757,57386491,"1996-06-24",1996
11991705,57390131,"1995-06-08",1995
12048089,57403463,"1996-09-12",1996
13132443,57407661,"2003-07-14",2003
12377753,57469931,"1998-10-28",1998
22846891,57480571,"2002-10-30",2002
12681121,57486293,"1999-07-21",1999
12582221,57499682,"2000-10-25",2000
12052657,57500695,"1997-03-31",1997
12679859,57568802,"2000-03-01",2000
12102377,57607411,"1996-10-01",1996
12411280,57617221,"1997-11-14",1997
12999705,57624584,"1995-11-09",1995
11896354,57641644,"1997-05-02",1997
12642019,57643074,"2000-09-15",2000
12922786,57648304,"2000-03-03",2000
12917280,57661544,"2003-01-30",2003
12113102,57662214,"1996-01-12",1996
12358100,57662244,"1999-05-10",1999
12757914,57677023,"2000-04-20",2000
13106627,57686182,"2002-07-09",2002
12312392,57748024,"1998-10-21",1998
12312392,57748025,"1998-10-21",1998
12625695,57775811,"2000-06-23",2000
12869046,57780092,"1996-01-22",1996
12092175,57787001,"1998-04-09",1998
12333607,57812275,"1995-06-15",1995
11882822,57828223,"1995-06-08",1995
13083307,57874703,"2000-08-11",2000
12032210,57892442,"1993-09-13",1993
12455895,57901142,"1996-01-12",1996
12258005,57904231,"1995-11-03",1995
11890429,57904294,"1989-10-23",1989
12017905,57906521,"1996-09-30",1996
12999705,57921351,"1995-11-09",1995
12017835,57939803,"1995-01-27",1995
12275454,57964261,"1996-05-09",1996
12950362,57982232,"2001-08-21",2001
12180175,58004822,"1997-01-14",1997
12694195,58026024,"2001-05-21",2001
12694055,58053171,"2001-01-17",2001
12713047,58072491,"1997-05-01",1997
11907993,58079932,"1996-03-26",1996
12583548,58089192,"1999-09-23",1999
13226629,58130001,"2001-07-25",2001
12670965,58151892,"1999-02-02",1999
12972645,58153062,"2001-07-12",2001
13215910,58215691,"2003-01-02",2003
11875996,58225233,"1995-01-12",1995
12836799,58240944,"1998-06-29",1998
12151008,58273131,"1997-02-19",1997
13153470,58288434,"2002-03-12",2002
11948294,58350902,"1994-12-01",1994
12892419,58356332,"1995-06-28",1995
12623037,58358962,"1998-03-13",1998
12381787,58368672,"2000-04-10",2000
12545494,58384871,"2000-04-18",2000
11938919,58389194,"1995-04-03",1995
12973997,58452571,"1999-06-22",1999
12452313,58456523,"1996-06-03",1996
12888148,58476211,"2001-01-30",2001
12349616,58477161,"1996-07-16",1996
12786558,58512943,"1998-02-27",1998
12157833,58625174,"1995-05-05",1995
12577307,58655711,"2000-03-09",2000
12550431,58683383,"1998-04-20",1998
13242756,58688152,"2000-05-19",2000
12406605,58692703,"1995-09-19",1995
11969643,58696432,"1992-06-30",1992
12164771,58702201,"1996-02-01",1996
12164771,58702202,"1996-02-01",1996
12305243,58702203,"1999-06-29",1999
11970473,58704731,"1994-11-30",1994
13189208,58704731,"1999-03-09",1999
11971499,58714994,"1993-09-28",1993
13002921,58716973,"2000-03-16",2000
13005657,58719974,"2000-10-26",2000
12258005,58727123,"1995-11-03",1995
13056210,58750632,"1996-11-18",1996
13080025,58751304,"2002-05-31",2002
12895006,58770771,"2000-02-28",2000
12835130,58806204,"2003-03-04",2003
12177299,58823124,"1997-06-20",1997
12241330,58839411,"1999-11-19",1999
11984038,58840381,"1998-04-29",1998
12989259,58840381,"2001-06-25",2001
13239834,58843232,"1999-10-12",1999
10968867,58898912,"1987-07-13",1987
12879042,58899902,"1998-12-04",1998
12409375,58911592,"1998-11-04",1998
11991160,58911605,"1996-02-23",1996
12417236,59033711,"1998-12-23",1998
12720712,59047782,"2000-06-19",2000
12104808,59102873,"1996-01-22",1996
12638087,59123133,"2001-06-08",2001
12855822,59138892,"2000-08-15",2000
12901865,59146661,"2000-03-06",2000
12922747,59150511,"1999-06-01",1999
12813580,59228981,"1999-12-21",1999
12698953,59233446,"2000-01-10",2000
12315865,59237451,"1999-04-22",1999
12878980,59238463,"1998-04-02",1998
12732028,59275891,"2002-02-21",2002
12803907,59303232,"2000-11-13",2000
12936465,59334144,"2001-06-21",2001
12968400,59371941,"2000-02-16",2000
13002921,59389041,"2000-03-16",2000
12199798,59389792,"1997-07-21",1997
12747426,59407472,"2001-05-07",2001
12522048,59418493,"1999-01-19",1999
12617513,59418493,"2000-06-22",2000
12786799,59420031,"2000-06-14",2000
11588385,59430641,"1992-10-23",1992
12492668,59447811,"1999-05-21",1999
13023369,59459883,"2001-10-16",2001
12846396,59514661,"1998-02-26",1998
13165566,59535346,"1999-12-27",1999
12391166,59553511,"1997-10-07",1997
12596856,59567161,"1998-08-20",1998
12661881,59603101,"2000-03-07",2000
12966536,59613402,"2000-08-07",2000
12061603,59616031,"1996-11-20",1996
13160685,59654571,"2003-04-04",2003
12708836,59698361,"2001-04-24",2001
13154538,59742092,"2002-07-23",2002
13082999,59753391,"2001-08-14",2001
13005484,59761202,"2002-10-04",2002
12663023,59795222,"1999-06-21",1999
12477504,59830821,"2001-01-23",2001
12619581,59845081,"2001-06-11",2001
12104808,59852142,"1996-01-22",1996
12814977,59863577,"2000-02-17",2000
13080813,59865752,"2002-03-18",2002
12287800,59902892,"1996-12-16",1996
12467594,59904412,"2001-04-02",2001
12745192,59975003,"1998-04-13",1998
12518578,59993403,"2000-04-12",2000
12133224,59999031,"1996-01-19",1996
13158904,60023943,"2001-09-24",2001
12904077,60038024,"2000-06-15",2000
12733548,60062722,"1998-10-15",1998
12241682,60115481,"1997-05-29",1997
12133224,60144642,"1996-01-19",1996
12218577,60156401,"1996-10-02",1996
12973997,60164782,"1999-06-22",1999
13020588,60165422,"2000-08-31",2000
12692625,60197921,"2001-02-21",2001
12583548,60209852,"1999-09-23",1999
12593502,60209881,"2000-06-13",2000
12524627,60234722,"1996-12-13",1996
12431564,60281036,"1996-01-10",1996
12129129,60291292,"1996-10-08",1996
12542637,60346861,"2000-03-27",2000
12652574,60347335,"1999-03-01",1999
13092810,60368761,"2002-06-11",2002
12266367,60436902,"1997-06-27",1997
13180355,60443851,"2000-11-01",2000
12827732,60552251,"1998-11-16",1998
13025499,60584161,"2000-10-20",2000
12741940,60604331,"2000-03-15",2000
12790176,60609492,"1999-12-20",1999
12820476,60637313,"1997-11-12",1997
12761278,60645073,"2000-04-06",2000
12965595,60676033,"2000-08-25",2000
13239537,60701372,"2002-03-22",2002
13216665,60755462,"2000-11-28",2000
12063620,60757843,"1994-06-02",1994
12747426,60757843,"2001-05-07",2001
12832238,60773111,"1998-04-28",1998
12354595,60815433,"1997-12-09",1997
12700587,60822081,"2000-08-31",2000
12692892,60837291,"1998-09-01",1998
12901089,60844713,"2000-09-25",2000
13189208,60920533,"1999-03-09",1999
12717990,60920701,"2000-01-05",2000
12549719,60921543,"2000-05-17",2000
13051715,60942871,"2002-02-15",2002
13108551,60974881,"2003-02-19",2003
12771670,61012411,"2000-06-20",2000
12630823,61017403,"2000-03-10",2000
12685760,61029073,"1997-10-01",1997
12219164,61191641,"1997-10-01",1997
12978850,61244621,"2001-06-18",2001
12309003,61286234,"1996-11-12",1996
12504952,61342591,"1998-01-05",1998
12818082,61376197,"2000-11-29",2000
12582221,61395434,"2000-10-25",2000
13051646,61468371,"1999-12-28",1999
12841562,61479972,"1999-05-27",1999
13230869,61483775,"2001-12-03",2001
13046210,61504295,"2000-10-06",2000
12939491,61514283,"2000-02-25",2000
12179020,61548392,"1995-09-19",1995
12286965,61665731,"1998-05-20",1998
12780601,61672512,"1999-01-05",1999
12868828,61683191,"2000-05-12",2000
12771670,61732791,"2000-06-20",2000
11765140,61740111,"1996-02-07",1996
12708836,61753211,"2001-04-24",2001
13073490,61855984,"1999-05-03",1999
12788861,61903932,"1998-09-24",1998
12438215,61961403,"1998-05-20",1998
12779476,62041741,"2000-12-21",2000
12935203,62104291,"1998-04-09",1998
12928281,62111397,"1999-09-30",1999
12426615,62115162,"1996-08-09",1996
12642740,62173512,"2000-04-28",2000
12330006,62300061,"1998-05-14",1998
12333600,62336009,"1996-06-17",1996
13211285,62336781,"2001-01-10",2001
12714586,62401091,"2000-08-11",2000
12521432,62401682,"1998-01-05",1998
13106864,62416663,"2003-04-25",2003
13012208,62438471,"2001-01-30",2001
12345026,62450262,"1999-08-23",1999
12857739,62464031,"1998-02-25",1998
12711947,62471632,"1999-10-06",1999
12919512,62506881,"2003-02-03",2003
12761278,62559021,"2000-04-06",2000
13083851,62582691,"2003-05-29",2003
12888171,62592371,"2000-08-30",2000
13220226,62599433,"2002-12-09",2002
12800196,62625151,"2000-06-23",2000
12450041,62657272,"1998-12-11",1998
12698953,62674711,"2000-01-10",2000
12972645,62743233,"2001-07-12",2001
12526656,62750723,"1998-09-30",1998
12379001,62790011,"1997-03-07",1997
13169308,62790094,"2002-08-26",2002
12624317,62803982,"1999-07-15",1999
12927946,62807633,"2002-04-10",2002
13070509,62826933,"2000-12-20",2000
12820476,62849462,"1997-11-12",1997
12644780,62943791,"2000-03-06",2000
12649208,63042626,"2001-05-03",2001
13034508,63106452,"2001-04-20",2001
12597856,63290911,"2001-02-21",2001
12794450,63321984,"1999-07-01",1999
13014244,63335083,"2003-07-08",2003
12979970,63442226,"1999-08-27",1999
12717557,63486794,"2001-09-19",2001
12951812,63490042,"2001-01-16",2001
12450041,63500412,"1998-12-11",1998
12678183,63518401,"1996-03-22",1996
12466402,63534973,"2000-08-30",2000
12843830,63557461,"2001-07-20",2001
12518578,63564003,"2000-04-12",2000
12961824,63597962,"2001-08-17",2001
12628827,63624952,"1999-05-26",1999
12701026,63742702,"1999-09-30",1999
12515074,63753651,"2000-03-06",2000
12537902,63753651,"1998-10-27",1998
13228893,63796981,"2003-03-05",2003
12704101,63827932,"2000-03-07",2000
12679859,63842492,"2000-03-01",2000
12786774,63884712,"2000-10-03",2000
13065313,64002652,"2003-09-23",2003
12693860,64076803,"2000-02-08",2000
12511892,64118921,"1999-02-22",1999
12790585,64131031,"2000-11-06",2000
12966901,64136456,"1999-11-01",1999
12441034,64147883,"2000-02-17",2000
12837914,64213801,"2000-05-19",2000
13036653,64322363,"2001-03-30",2001
12992222,64385833,"1999-12-27",1999
13184832,64400962,"2003-06-09",2003
12568155,64681557,"2000-02-23",2000
12424517,64775592,"1999-08-13",1999
13025470,64801941,"2000-01-14",2000
12818093,64903931,"2000-08-29",2000
12897885,64925942,"2001-04-05",2001
13167155,64955142,"2002-06-18",2002
13084902,64985496,"2002-04-09",2002
12966536,65010153,"2000-08-07",2000
13230576,65018091,"2001-01-31",2001
12802748,65088043,"2001-09-21",2001
12728145,65097772,"1999-11-24",1999
12557061,65105097,"1999-09-09",1999
12463082,65105242,"1992-01-06",1992
12767649,65127871,"2000-11-17",2000
12349616,65156732,"1996-07-16",1996
12724924,65164365,"2000-07-07",2000
12800697,65293183,"2000-07-17",2000
12505219,65322321,"1997-03-21",1997
12652889,65383005,"1999-07-22",1999
12899120,65412117,"2001-01-29",2001
12723186,65534343,"2000-04-07",2000
12385989,65641929,"1996-09-17",1996
12261103,65678463,"1996-11-26",1996
12824750,65741941,"1999-11-29",1999
12792126,65755732,"2000-10-12",2000
13195916,65801772,"2002-04-03",2002
12903205,65826622,"1999-04-30",1999
12997247,65832302,"2001-09-26",2001
11938919,65872172,"1995-04-03",1995
13203064,65942342,"2003-01-16",2003
12692625,65959983,"2001-02-21",2001
13092609,65976833,"2000-06-30",2000
13098987,66004753,"2002-09-16",2002
12967367,66031932,"2003-07-03",2003
12706850,66068501,"2000-02-02",2000
12668351,66079005,"2001-03-26",2001
12717060,66110022,"1999-03-01",1999
13189208,66218921,"1999-03-09",1999
12882389,66255912,"2000-10-03",2000
13106627,66256311,"2002-07-09",2002
13098987,66287152,"2002-09-16",2002
12397666,66682751,"1999-09-27",1999
12774403,66744032,"2001-02-28",2001
13057067,66782413,"2002-02-11",2002
12835179,66782831,"2000-06-15",2000
12895597,66874253,"2001-07-26",2001
12787495,66874952,"2001-02-21",2001
13161417,66912681,"2004-04-05",2004
13123268,66935712,"2002-04-18",2002
12898691,66997951,"2001-10-15",2001
12821291,67212914,"1996-08-14",1996
12962609,67289591,"2001-07-12",2001
13240730,67413592,"2003-12-29",2003
22846891,67468911,"2002-10-30",2002
13188846,67517761,"2003-08-14",2003
12794358,67547063,"1999-10-12",1999
12596856,67633881,"1998-08-20",1998
12725598,67715163,"2001-05-22",2001
12878980,67789801,"1998-04-02",1998
12589688,67814451,"1999-09-13",1999
12888103,67814451,"2001-03-30",2001
12885436,67854366,"2000-04-24",2000
11049390,67919478,"1989-03-22",1989
13109421,68010521,"2005-06-23",2005
12660606,68019382,"1998-01-08",1998
12923340,68233401,"2000-06-09",2000
12888847,68319381,"2001-05-31",2001
13177464,68487411,"2005-10-03",2005
13162447,68516041,"1999-11-01",1999
13074421,68666391,"2000-11-16",2000
13183987,68725742,"2001-12-12",2001
12838858,68860892,"1999-01-28",1999
12888847,68877733,"2001-05-31",2001
13154949,68950881,"2000-02-04",2000
12790585,69009843,"2000-11-06",2000
13017960,69179600,"2000-03-01",2000
12785620,69419509,"2000-06-01",2000
13230576,69756742,"2001-01-31",2001
13195916,69757852,"2002-04-03",2002
12927946,70153491,"2002-04-10",2002
13153470,70244281,"2002-03-12",2002
12929139,70919571,"1999-12-15",1999
12960122,71174950,"2001-11-30",2001
13217551,71175511,"2004-04-28",2004
12509102,72856401,"1997-09-29",1997
13085920,76443648,"2002-07-15",2002
11174855,76911208,"1986-09-22",1986
12600190,76911208,"1997-09-29",1997
12181788,534763210,"1999-05-03",1999
